,Text
1,乞
2,戾
3,嵩
4,邑
5,瑛
6,鸿
7,卿
8,裘
9,契
10,涛
11,疾
12,驳
13,凛
14,逊
15,鹰
16,威
17,紊
18,阁
19,康
20,焱
21,城
22,誉
23,祥
24,虔
25,胜
26,穆
27,豁
28,匪
29,霆
30,凡
31,枫
32,豪
33,铭
34,罡
35,扬
36,垣
37,师
38,翼
39,秋
40,傥
41,箴
42,雍
43,达
44,乾
45,鑫
46,萧
47,鲂
48,冥
49,翰
50,丑
51,隶
52,钧
53,坤
54,荆
55,蹇
56,骁
57,沅
58,剑
59,勒
60,筮
61,磬
62,戎
63,翎
64,函
65,嚣
66,炳
67,耷
68,惮
69,鞯
70,擎
71,烙
72,靖
73,遥
74,斩
75,颤
76,孱
77,续
78,岩
79,奄
80,博
81,鹤
82,绯
83,匕
84,奎
85,仰
86,霸
87,乌
88,邴
89,败
90,捕
91,糜
92,汲
93,涔
94,班
95,悲
96,臻
97,厉
98,栾
99,井
100,伊
101,储
102,羿
103,富
104,稀
105,松
106,寇
107,碧
108,珩
109,靳
110,鞅
111,弼
112,焦
113,海
114,刚
115,纲
116,鼎
117,之玉
118,越泽
119,锦程
120,修杰
121,烨伟
122,尔曼
123,立辉
124,致远
125,天思
126,友绿
127,聪健
128,修洁
129,访琴
130,初彤
131,谷雪
132,平灵
133,源智
134,烨华
135,振家
136,越彬
137,子轩
138,伟宸
139,晋鹏
140,觅松
141,海亦
142,雨珍
143,浩宇
144,嘉熙
145,志泽
146,苑博
147,念波
148,峻熙
149,俊驰
150,聪展
151,南松
152,问旋
153,黎昕
154,谷波
155,凝海
156,靖易
157,芷烟
158,渊思
159,煜祺
160,乐驹
161,风华
162,睿渊
163,博超
164,天磊
165,夜白
166,初晴
167,瑾瑜
168,鹏飞
169,弘文
170,伟泽
171,迎松
172,雨泽
173,鹏笑
174,诗云
175,白易
176,远航
177,笑白
178,映波
179,代桃
180,晓啸
181,智宸
182,晓博
183,靖琪
184,十八
185,君浩
186,绍辉
187,冷安
188,盼旋
189,秋白
190,天德
191,铁身
192,老黑
193,半邪
194,半山
195,一江
196,冰安
197,皓轩
198,子默
199,熠彤
200,青寒
201,烨磊
202,愚志
203,飞风
204,问筠
205,旭尧
206,妙海
207,平文
208,冷之
209,尔阳
210,天宇
211,正豪
212,文博
213,明辉
214,行恶
215,哲瀚
216,子骞
217,泽洋
218,灵竹
219,幼旋
220,百招
221,不斜
222,擎汉
223,千万
224,高烽
225,大开
226,不正
227,伟帮
228,如豹
229,三德
230,三毒
231,连虎
232,十三
233,酬海
234,天川
235,一德
236,复天
237,牛青
238,羊青
239,大楚
240,傀斗
241,老五
242,老九
243,定帮
244,自中
245,开山
246,似狮
247,无声
248,一手
249,严青
250,老四
251,不可
252,随阴
253,大有
254,中恶
255,延恶
256,百川
257,世倌
258,连碧
259,岱周
260,擎苍
261,思远
262,嘉懿
263,鸿煊
264,笑天
265,晟睿
266,强炫
267,寄灵
268,听白
269,鸿涛
270,孤风
271,青文
272,盼秋
273,怜烟
274,浩然
275,明杰
276,昊焱
277,伟诚
278,剑通
279,鹏涛
280,鑫磊
281,醉薇
282,尔蓝
283,靖仇
284,成风
285,豪英
286,若风
287,难破
288,德地
289,无施
290,追命
291,成协
292,人达
293,亿先
294,不评
295,成威
296,成败
297,难胜
298,人英
299,忘幽
300,世德
301,世平
302,广山
303,德天
304,人雄
305,人杰
306,不言
307,难摧
308,世立
309,老三
310,若之
311,成危
312,元龙
313,成仁
314,若剑
315,难敌
316,浩阑
317,士晋
318,铸海
319,人龙
320,伯云
321,老头
322,南风
323,擎宇
324,浩轩
325,煜城
326,博涛
327,问安
328,烨霖
329,天佑
330,明雪
331,书芹
332,半雪
333,伟祺
334,从安
335,寻菡
336,秋寒
337,谷槐
338,文轩
339,立诚
340,立果
341,明轩
342,楷瑞
343,炎彬
344,鹏煊
345,幼南
346,沛山
347,不尤
348,道天
349,剑愁
350,千筹
351,广缘
352,天奇
353,道罡
354,远望
355,乘风
356,剑心
357,道之
358,乘云
359,绝施
360,冥幽
361,天抒
362,剑成
363,士萧
364,文龙
365,一鸣
366,剑鬼
367,半仙
368,万言
369,剑封
370,远锋
371,天与
372,元正
373,世开
374,不凡
375,断缘
376,中道
377,绝悟
378,道消
379,断秋
380,远山
381,蓝血
382,无招
383,无极
384,鬼神
385,满天
386,飞扬
387,醉山
388,语堂
389,懿轩
390,雅阳
391,鑫鹏
392,文昊
393,松思
394,水云
395,山柳
396,荣轩
397,绮彤
398,沛白
399,慕蕊
400,觅云
401,鹭洋
402,立轩
403,金鑫
404,健柏
405,建辉
406,鹤轩
407,昊强
408,凡梦
409,代丝
410,远侵
411,一斩
412,一笑
413,一刀
414,行天
415,无血
416,无剑
417,无敌
418,万怨
419,万天
420,万声
421,万恶
422,万仇
423,天问
424,天寿
425,送终
426,山河
427,三问
428,如花
429,灭龙
430,聋五
431,绝义
432,绝山
433,剑身
434,浩天
435,非笑
436,恶天
437,断天
438,仇血
439,仇天
440,沧海
441,不二
442,碧空
443,半鬼
444,文涛
445,晓刚
446,洪纲
447,砖家
448,叫兽
449,傀儡
450,安邦
451,安福
452,安歌
453,安国
454,安和
455,安康
456,安澜
457,安民
458,安宁
459,安平
460,安然
461,安顺
462,安翔
463,安晏
464,安宜
465,安怡
466,安易
467,安志
468,昂然
469,昂雄
470,宾白
471,宾鸿
472,宾实
473,彬彬
474,彬炳
475,彬郁
476,斌斌
477,斌蔚
478,滨海
479,波光
480,波鸿
481,波峻
482,波涛
483,博瀚
484,博达
485,博厚
486,博简
487,博明
488,博容
489,博赡
490,博涉
491,博实
492,博文
493,博学
494,博雅
495,博延
496,博艺
497,博易
498,博裕
499,博远
500,才捷
501,才良
502,才艺
503,才英
504,才哲
505,才俊
506,成和
507,成弘
508,成化
509,成济
510,成礼
511,成龙
512,成双
513,成天
514,成文
515,成业
516,成益
517,成荫
518,成周
519,承安
520,承弼
521,承德
522,承恩
523,承福
524,承基
525,承教
526,承平
527,承嗣
528,承天
529,承望
530,承宣
531,承颜
532,承业
533,承悦
534,承允
535,承运
536,承载
537,承泽
538,承志
539,德本
540,德海
541,德厚
542,德华
543,德辉
544,德惠
545,德容
546,德润
547,德寿
548,德水
549,德馨
550,德曜
551,德业
552,德义
553,德庸
554,德佑
555,德宇
556,德元
557,德运
558,德泽
559,德明
560,飞昂
561,飞白
562,飞飙
563,飞掣
564,飞尘
565,飞沉
566,飞驰
567,飞光
568,飞翰
569,飞航
570,飞翮
571,飞鸿
572,飞虎
573,飞捷
574,飞龙
575,飞鸾
576,飞鸣
577,飞鹏
578,飞文
579,飞翔
580,飞星
581,飞翼
582,飞英
583,飞宇
584,飞羽
585,飞雨
586,飞语
587,飞跃
588,飞章
589,飞舟
590,丰茂
591,丰羽
592,刚豪
593,刚洁
594,刚捷
595,刚毅
596,高昂
597,高岑
598,高畅
599,高超
600,高驰
601,高达
602,高澹
603,高飞
604,高芬
605,高峯
606,高峰
607,高歌
608,高格
609,高寒
610,高翰
611,高杰
612,高洁
613,高峻
614,高朗
615,高丽
616,高邈
617,高旻
618,高明
619,高爽
620,高兴
621,高轩
622,高雅
623,高扬
624,高阳
625,高义
626,高谊
627,高逸
628,高懿
629,高原
630,高远
631,高韵
632,高卓
633,光赫
634,光华
635,光辉
636,光济
637,光霁
638,光亮
639,光临
640,光明
641,光启
642,光熙
643,光耀
644,光誉
645,光远
646,国安
647,国兴
648,国源
649,冠宇
650,冠玉
651,晗昱
652,晗日
653,涵畅
654,涵涤
655,涵亮
656,涵忍
657,涵容
658,涵润
659,涵涵
660,涵煦
661,涵蓄
662,涵衍
663,涵意
664,涵映
665,涵育
666,翰采
667,翰池
668,翰飞
669,翰海
670,翰翮
671,翰林
672,翰墨
673,翰学
674,翰音
675,瀚玥
676,翰藻
677,瀚海
678,瀚漠
679,昊苍
680,昊昊
681,昊空
682,昊乾
683,昊穹
684,昊然
685,昊天
686,昊英
687,浩波
688,浩博
689,浩初
690,浩大
691,浩宕
692,浩荡
693,浩歌
694,浩广
695,浩涆
696,浩瀚
697,浩浩
698,浩慨
699,浩旷
700,浩阔
701,浩漫
702,浩淼
703,浩渺
704,浩邈
705,浩气
706,浩穰
707,浩壤
708,浩思
709,浩言
710,和蔼
711,和安
712,和璧
713,和昶
714,和畅
715,和风
716,和歌
717,和光
718,和平
719,和洽
720,和惬
721,和顺
722,和硕
723,和颂
724,和泰
725,和悌
726,和通
727,和同
728,和煦
729,和雅
730,和宜
731,和怡
732,和玉
733,和裕
734,和豫
735,和悦
736,和韵
737,和泽
738,和正
739,和志
740,弘博
741,弘大
742,弘方
743,弘光
744,弘和
745,弘厚
746,弘化
747,弘济
748,弘阔
749,弘亮
750,弘量
751,弘深
752,弘盛
753,弘图
754,弘伟
755,弘新
756,弘雅
757,弘扬
758,弘业
759,弘义
760,弘益
761,弘毅
762,弘懿
763,弘致
764,弘壮
765,宏伯
766,宏博
767,宏才
768,宏畅
769,宏达
770,宏大
771,宏放
772,宏富
773,宏峻
774,宏浚
775,宏恺
776,宏旷
777,宏阔
778,宏朗
779,宏茂
780,宏邈
781,宏儒
782,宏深
783,宏胜
784,宏盛
785,宏爽
786,宏硕
787,宏伟
788,宏扬
789,宏义
790,宏逸
791,宏毅
792,宏远
793,宏壮
794,鸿宝
795,鸿波
796,鸿博
797,鸿才
798,鸿彩
799,鸿畅
800,鸿畴
801,鸿达
802,鸿德
803,鸿飞
804,鸿风
805,鸿福
806,鸿光
807,鸿晖
808,鸿朗
809,鸿文
810,鸿熙
811,鸿羲
812,鸿禧
813,鸿信
814,鸿轩
815,鸿雪
816,鸿羽
817,鸿远
818,鸿云
819,鸿运
820,鸿哲
821,鸿祯
822,鸿振
823,鸿志
824,鸿卓
825,华奥
826,华采
827,华彩
828,华灿
829,华藏
830,华池
831,华翰
832,华皓
833,华晖
834,华辉
835,华茂
836,华美
837,华清
838,华荣
839,华容
840,嘉赐
841,嘉德
842,嘉福
843,嘉良
844,嘉茂
845,嘉木
846,嘉慕
847,嘉纳
848,嘉年
849,嘉平
850,嘉庆
851,嘉荣
852,嘉容
853,嘉瑞
854,嘉胜
855,嘉石
856,嘉实
857,嘉树
858,嘉澍
859,嘉禧
860,嘉祥
861,嘉歆
862,嘉许
863,嘉勋
864,嘉言
865,嘉谊
866,嘉颖
867,嘉佑
868,嘉玉
869,嘉誉
870,嘉悦
871,嘉运
872,嘉泽
873,嘉珍
874,嘉祯
875,嘉志
876,嘉致
877,坚白
878,坚壁
879,坚秉
880,坚成
881,坚诚
882,建安
883,建白
884,建柏
885,建本
886,建弼
887,建德
888,建华
889,建明
890,建茗
891,建木
892,建树
893,建同
894,建修
895,建业
896,建义
897,建元
898,建章
899,建中
900,经赋
901,经亘
902,经国
903,经略
904,经纶
905,经纬
906,经武
907,经业
908,经义
909,经艺
910,景澄
911,景福
912,景焕
913,景辉
914,景龙
915,景明
916,景山
917,景胜
918,景铄
919,景天
920,景同
921,景曜
922,君昊
923,俊艾
924,俊拔
925,俊弼
926,俊才
927,俊材
928,俊楚
929,俊达
930,俊德
931,俊发
932,俊风
933,俊豪
934,俊健
935,俊杰
936,俊捷
937,俊郎
938,俊力
939,俊良
940,俊迈
941,俊茂
942,俊美
943,俊民
944,俊名
945,俊明
946,俊楠
947,俊能
948,俊人
949,俊爽
950,俊悟
951,俊晤
952,俊侠
953,俊贤
954,俊雄
955,俊雅
956,俊彦
957,俊逸
958,俊英
959,俊友
960,俊语
961,俊誉
962,俊远
963,俊哲
964,俊喆
965,俊智
966,季萌
967,季同
968,开畅
969,开诚
970,开宇
971,开济
972,开霁
973,开朗
974,凯安
975,凯唱
976,凯定
977,凯风
978,凯复
979,凯歌
980,凯捷
981,凯凯
982,凯康
983,凯乐
984,凯旋
985,凯泽
986,恺歌
987,恺乐
988,康安
989,康伯
990,康成
991,康德
992,康复
993,康健
994,康乐
995,康宁
996,康平
997,康胜
998,康盛
999,康时
1000,康适
1001,康顺
1002,康泰
1003,康裕
1004,乐安
1005,乐邦
1006,乐成
1007,乐池
1008,乐和
1009,乐家
1010,乐康
1011,乐人
1012,乐容
1013,乐山
1014,乐生
1015,乐圣
1016,乐水
1017,乐天
1018,乐童
1019,乐贤
1020,乐心
1021,乐欣
1022,乐逸
1023,乐意
1024,乐音
1025,乐咏
1026,乐游
1027,乐语
1028,乐悦
1029,乐湛
1030,乐章
1031,乐正
1032,乐志
1033,黎明
1034,力夫
1035,力强
1036,力勤
1037,力行
1038,力学
1039,力言
1040,立人
1041,立群
1042,良奥
1043,良弼
1044,良才
1045,良材
1046,良策
1047,良畴
1048,良工
1049,良翰
1050,良吉
1051,良骥
1052,良俊
1053,良骏
1054,良朋
1055,良平
1056,良哲
1057,理群
1058,理全
1059,茂才
1060,茂材
1061,茂德
1062,茂典
1063,茂实
1064,茂学
1065,茂勋
1066,茂彦
1067,敏博
1068,敏才
1069,敏达
1070,敏叡
1071,敏学
1072,敏智
1073,明诚
1074,明达
1075,明德
1076,明俊
1077,明朗
1078,明亮
1079,明旭
1080,明煦
1081,明远
1082,明哲
1083,明喆
1084,明知
1085,明志
1086,明智
1087,明珠
1088,朋兴
1089,朋义
1090,彭勃
1091,彭薄
1092,彭湃
1093,彭彭
1094,彭魄
1095,彭越
1096,彭泽
1097,彭祖
1098,鹏程
1099,鹏池
1100,鹏赋
1101,鹏海
1102,鹏鲸
1103,鹏举
1104,鹏鹍
1105,鹏鲲
1106,鹏天
1107,鹏翼
1108,鹏云
1109,鹏运
1110,濮存
1111,溥心
1112,璞玉
1113,璞瑜
1114,浦和
1115,浦泽
1116,奇略
1117,奇迈
1118,奇胜
1119,奇水
1120,奇思
1121,奇邃
1122,奇伟
1123,奇玮
1124,奇文
1125,奇希
1126,奇逸
1127,奇正
1128,奇志
1129,奇致
1130,祺福
1131,祺然
1132,祺祥
1133,祺瑞
1134,琪睿
1135,庆生
1136,锐达
1137,锐锋
1138,锐翰
1139,锐进
1140,锐精
1141,锐立
1142,锐利
1143,锐思
1144,锐逸
1145,锐意
1146,锐藻
1147,锐泽
1148,锐阵
1149,锐志
1150,锐智
1151,睿博
1152,睿才
1153,睿诚
1154,睿慈
1155,睿聪
1156,睿达
1157,睿德
1158,睿范
1159,睿广
1160,睿好
1161,睿明
1162,睿识
1163,睿思
1164,绍钧
1165,绍祺
1166,绍元
1167,升荣
1168,圣杰
1169,思聪
1170,思淼
1171,思源
1172,思博
1173,斯年
1174,斯伯
1175,泰初
1176,泰和
1177,泰河
1178,泰鸿
1179,泰华
1180,泰宁
1181,泰平
1182,泰清
1183,泰然
1184,天材
1185,天成
1186,天赋
1187,天干
1188,天罡
1189,天工
1190,天翰
1191,天和
1192,天华
1193,天骄
1194,天空
1195,天禄
1196,天路
1197,天瑞
1198,天睿
1199,天逸
1200,天元
1201,天韵
1202,天泽
1203,天纵
1204,同方
1205,同甫
1206,同光
1207,同和
1208,同化
1209,同济
1210,巍昂
1211,巍然
1212,巍奕
1213,伟博
1214,伟毅
1215,伟才
1216,伟茂
1217,伟懋
1218,伟彦
1219,伟晔
1220,伟兆
1221,伟志
1222,温纶
1223,温茂
1224,温书
1225,温韦
1226,温文
1227,温瑜
1228,文柏
1229,文昌
1230,文成
1231,文德
1232,文栋
1233,文赋
1234,文光
1235,文翰
1236,文虹
1237,文华
1238,文康
1239,文乐
1240,文林
1241,文敏
1242,文瑞
1243,文山
1244,文石
1245,文星
1246,文宣
1247,文彦
1248,文曜
1249,文耀
1250,文斌
1251,文彬
1252,文滨
1253,向晨
1254,向笛
1255,向文
1256,向明
1257,向荣
1258,向阳
1259,翔宇
1260,翔飞
1261,项禹
1262,项明
1263,心水
1264,心思
1265,心远
1266,欣德
1267,欣嘉
1268,欣可
1269,欣然
1270,欣荣
1271,欣怡
1272,欣怿
1273,欣悦
1274,新翰
1275,新霁
1276,新觉
1277,新立
1278,新荣
1279,新知
1280,信鸿
1281,信厚
1282,信鸥
1283,信然
1284,信瑞
1285,兴安
1286,兴邦
1287,兴昌
1288,兴朝
1289,兴德
1290,兴发
1291,兴国
1292,兴怀
1293,兴平
1294,兴庆
1295,兴生
1296,兴思
1297,兴腾
1298,兴旺
1299,兴为
1300,兴文
1301,兴贤
1302,兴修
1303,兴学
1304,兴言
1305,兴业
1306,兴运
1307,星波
1308,星辰
1309,星驰
1310,星光
1311,星海
1312,星汉
1313,星河
1314,星华
1315,星晖
1316,星火
1317,星剑
1318,星津
1319,星阑
1320,星纬
1321,星文
1322,星宇
1323,星雨
1324,星渊
1325,星洲
1326,修诚
1327,修德
1328,修谨
1329,修筠
1330,修明
1331,修能
1332,修平
1333,修齐
1334,修然
1335,修为
1336,修伟
1337,修文
1338,修雅
1339,修永
1340,修远
1341,修真
1342,修竹
1343,修贤
1344,炫明
1345,学博
1346,学海
1347,学林
1348,学民
1349,学名
1350,学文
1351,学义
1352,学真
1353,雪松
1354,雪峰
1355,雪风
1356,雅昶
1357,雅畅
1358,雅达
1359,雅惠
1360,雅健
1361,雅珺
1362,雅逸
1363,雅懿
1364,雅志
1365,阳飙
1366,阳飇
1367,阳冰
1368,阳波
1369,阳伯
1370,阳成
1371,阳德
1372,阳华
1373,阳晖
1374,阳辉
1375,阳嘉
1376,阳平
1377,阳秋
1378,阳荣
1379,阳舒
1380,阳朔
1381,阳文
1382,阳曦
1383,阳夏
1384,阳旭
1385,阳煦
1386,阳炎
1387,阳焱
1388,阳曜
1389,阳羽
1390,阳云
1391,阳泽
1392,阳州
1393,烨赫
1394,烨然
1395,烨烁
1396,烨烨
1397,烨熠
1398,烨煜
1399,毅然
1400,逸仙
1401,逸明
1402,逸春
1403,宜春
1404,宜民
1405,宜年
1406,宜然
1407,宜人
1408,宜修
1409,意远
1410,意蕴
1411,意致
1412,意智
1413,英飙
1414,英博
1415,英才
1416,英达
1417,英发
1418,英范
1419,英光
1420,英豪
1421,英华
1422,英杰
1423,英朗
1424,英锐
1425,英睿
1426,英叡
1427,英韶
1428,英卫
1429,英武
1430,英悟
1431,英勋
1432,英彦
1433,英耀
1434,英奕
1435,英逸
1436,英毅
1437,英哲
1438,英喆
1439,英卓
1440,英资
1441,英纵
1442,永怡
1443,永春
1444,永安
1445,永昌
1446,永长
1447,永丰
1448,永福
1449,永嘉
1450,永康
1451,永年
1452,永宁
1453,永寿
1454,永思
1455,永望
1456,永新
1457,永言
1458,永逸
1459,永元
1460,永贞
1461,咏德
1462,咏歌
1463,咏思
1464,咏志
1465,勇男
1466,勇军
1467,勇捷
1468,勇锐
1469,勇毅
1470,宇达
1471,宇航
1472,宇寰
1473,宇文
1474,宇荫
1475,雨伯
1476,雨华
1477,雨石
1478,雨信
1479,雨星
1480,玉宸
1481,玉成
1482,玉龙
1483,玉泉
1484,玉山
1485,玉石
1486,玉书
1487,玉树
1488,玉堂
1489,玉轩
1490,玉宇
1491,玉韵
1492,玉泽
1493,元白
1494,元德
1495,元化
1496,元基
1497,元嘉
1498,元甲
1499,元驹
1500,元凯
1501,元恺
1502,元魁
1503,元良
1504,元亮
1505,元明
1506,元青
1507,元思
1508,元纬
1509,元武
1510,元勋
1511,元忠
1512,元洲
1513,苑杰
1514,蕴涵
1515,蕴和
1516,蕴藉
1517,展鹏
1518,哲茂
1519,哲圣
1520,哲彦
1521,振海
1522,振国
1523,正诚
1524,正初
1525,正德
1526,正浩
1527,正平
1528,正奇
1529,正青
1530,正卿
1531,正文
1532,正祥
1533,正信
1534,正雅
1535,正阳
1536,正业
1537,正谊
1538,正真
1539,正志
1540,志诚
1541,志新
1542,志勇
1543,志明
1544,志国
1545,志强
1546,志尚
1547,志专
1548,志文
1549,志行
1550,志学
1551,志业
1552,志义
1553,志用
1554,智明
1555,智鑫
1556,智勇
1557,智敏
1558,智志
1559,智渊
1560,子安
1561,子晋
1562,子民
1563,子明
1564,子墨
1565,子平
1566,子琪
1567,子石
1568,子实
1569,子真
1570,子濯
1571,子昂
1572,子瑜
1573,自明
1574,自强
1575,作人
1576,自怡
1577,自珍
1578,曾琪
1579,泽宇
1580,泽语
1581,文纲
1582,全盛
1583,一立
1584,明刚
1585,广利
1586,明兵
1587,成杲
1588,鞘巧
1589,民尧
1590,子志
1591,珍国
1592,立言
1593,明恩
1594,有刚
1595,天放
1596,城海
1597,家儿
1598,林山
1599,维东
1600,定水
1601,从桐
1602,罗荣
1603,竟泉
1604,庭颂
1605,瑾丁
1606,海咏
1607,臣钊
1608,觐音
1609,欣驹
1610,粤兴
1611,汛络
1612,赞石
1613,甲辰
1614,忡暄
1615,森滕
1616,好翔
1617,廖昭
1618,珈树
1619,序纤
1620,兰北
1621,健贝
1622,化江
1623,卿风
1624,荣淩
1625,云祥
1626,翼锐
1627,源韵
1628,修树
1629,世贝
1630,罕伯
1631,忻循
1632,河根
1633,帅泰
1634,逢侠
1635,余清
1636,君帆
1637,誉珞
1638,翊余
1639,峥凛
1640,建峰
1641,巳保
1642,延晔
1643,童泓
1644,继钦
1645,炳珅
1646,朝言
1647,宽桦
1648,薛仁
1649,斐书
1650,越哲
1651,三澧
1652,月旭
1653,房枫
1654,克晗
1655,翔昊
1656,居浩
1657,敬亚
1658,楗名
1659,浙侯
1660,蒙政
1661,恭和
1662,时颜
1663,言春
1664,福奋
1665,涟树
1666,源嘉
1667,起贝
1668,余艺
1669,林廉
1670,易鸥
1671,袭锐
1672,术仕
1673,稼岭
1674,俨休
1675,攀檬
1676,作尧
1677,发有
1678,舡邱
1679,盼曾
1680,石航
1681,啸琦
1682,书月
1683,岐顶
1684,贝焱
1685,加喜
1686,总岚
1687,渺峰
1688,廷争
1689,厚正
1690,庚希
1691,徽万
1692,咚佩
1693,亚怿
1694,振涛
1695,眧变
1696,励舫
1697,贵成
1698,忻絮
1699,东琥
1700,迪寿
1701,苏石
1702,愉柠
1703,帆粼
1704,中羽
1705,仔城
1706,仲丰
1707,尚鹳
1708,墁字
1709,乐淏
1710,远龙
1711,禹冰
1712,东航
1713,豫镔
1714,瞿勇
1715,刘洋
1716,敏缨
1717,正晗
1718,淮通
1719,本嶙
1720,羽熙
1721,援坝
1722,义轶
1723,华泉
1724,华琨
1725,勰垚
1726,哲恒
1727,星玺
1728,劲雄
1729,琛淦
1730,细烨
1731,泳科
1732,浩韵
1733,裕逾
1734,蒋鑫
1735,虎杰
1736,咏祺
1737,新栋
1738,溢邝
1739,译浚
1740,罗晨
1741,汩远
1742,致厚
1743,峥凯
1744,观霄
1745,攀泰
1746,基铫
1747,坤奥
1748,旻谌
1749,俶太
1750,越标
1751,丞柏
1752,定星
1753,传梁
1754,宇家
1755,羿渡
1756,绎桦
1757,才烨
1758,又尉
1759,延一
1760,汇翰
1761,忠沥
1762,泓玢
1763,民泳
1764,和佟
1765,健谕
1766,熙行
1767,博贝
1768,强愉
1769,坜肃
1770,佑清
1771,磊荞
1772,啸敏
1773,炳逸
1774,乔鲁
1775,初翱
1776,莜咚
1777,着湘
1778,然溟
1779,湉洲
1780,怀安
1781,富文
1782,治军
1783,天宝
1784,厚德
1785,道海
1786,天亮
1787,家新
1788,龙泉
1789,长生
1790,勇明
1791,铁剑
1792,后平
1793,明海
1794,学能
1795,章建
1796,日星
1797,必红
1798,皓洪
1799,荣玮
1800,从为
1801,勃榛
1802,责号
1803,弈涟
1804,健谣
1805,袁联
1806,幼星
1807,子玥
1808,树柏
1809,小潼
1810,楣超
1811,光问
1812,军健
1813,琦慧
1814,杪耒
1815,嘉毛
1816,章容
1817,育剑
1818,必吉
1819,埔塬
1820,桂勋
1821,林鹤
1822,炳禄
1823,体震
1824,前代
1825,佟怀
1826,星发
1827,瞬献
1828,天裴
1829,未宗
1830,招树
1831,跃少
1832,广洲
1833,相岩
1834,绍彦
1835,义学
1836,汉聚
1837,楷钊
1838,彧冕
1839,记阔
1840,北峄
1841,僮朦
1842,轩岐
1843,暖渔
1844,浚同
1845,兴豫
1846,梓臻
1847,宵根
1848,会澄
1849,召昉
1850,勤尘
1851,良严
1852,洪见
1853,增敏
1854,懋活
1855,勋羚
1856,简珺
1857,湛玮
1858,湃非
1859,树壮
1860,庭玖
1861,剑依
1862,卓默
1863,森若
1864,佟骞
1865,生宝
1866,利万
1867,炳施
1868,栋天
1869,沐磬
1870,慕骅
1871,枚钧
1872,眙赫
1873,泽珲
1874,楷昊
1875,施君
1876,点禄
1877,亚博
1878,作焘
1879,炫昶
1880,琦溶
1881,治先
1882,啸乙
1883,慎荣
1884,岚乔
1885,周东
1886,信民
1887,承扁
1888,叮桥
1889,睿逸
1890,肇汐
1891,懋阳
1892,祺敏
1893,玺棂
1894,念依
1895,治汐
1896,刘航
1897,昕沁
1898,宣融
1899,会琦
1900,腊毛
1901,舆烨
1902,诚轩
1903,善望
1904,翔迎
1905,向游
1906,红沐
1907,意计
1908,旻鹏
1909,火城
1910,汩呈
1911,兴晰
1912,常闯
1913,伯敏
1914,自岑
1915,玙梓
1916,品恬
1917,越帆
1918,浩洲
1919,甸册
1920,警忱
1921,源通
1922,奥含
1923,洪旭
1924,当澳
1925,泽良
1926,禹挥
1927,渤旻
1928,曦昌
1929,炯飒
1930,校与
1931,盛明
1932,淩粤
1933,伯录
1934,美德
1935,允醒
1936,淳忆
1937,湘馗
1938,忻键
1939,纪双
1940,赫奋
1941,彦慧
1942,克程
1943,政祝
1944,楦冲
1945,政劭
1946,留画
1947,佳臣
1948,步明
1949,仲修
1950,穹澎
1951,舂珺
1952,滕石
1953,玖庭
1954,慕赫
1955,泉析
1956,含征
1957,勃财
1958,超坤
1959,深贯
1960,珥顺
1961,语有
1962,蜀耕
1963,沄汇
1964,山翀
1965,复斗
1966,实群
1967,粟箬
1968,彰续
1969,筱涛
1970,远赞
1971,泉保
1972,旖春
1973,恩生
1974,盼访
1975,元吉
1976,真百
1977,佳熙
1978,宪群
1979,金建
1980,思宏
1981,乃义
1982,成志
1983,广乐
1984,潮生
1985,晋武
1986,才文
1987,世程
1988,丰年
1989,政举
1990,兴品
1991,洪才
1992,一川
1993,展翅
1994,龙远
1995,溢平
1996,芳辉
1997,增隆
1998,衡杏
1999,廷博
2000,泊燊
2001,展江
2002,京程
2003,严泫
2004,谦致
2005,军驰
2006,毓暄
2007,祎淏
2008,官成
2009,洲袁
2010,矜化
2011,昭郁
2012,智雷
2013,孝桦
2014,弘子
2015,焱冯
2016,强褰
2017,咏双
2018,沐联
2019,昌仙
2020,竟冠
2021,启绒
2022,云力
2023,榛程
2024,举尧
2025,竹贤
2026,寿宣
2027,世枞
2028,十诏
2029,佳羲
2030,冬熙
2031,慈昱
2032,滔甲
2033,舟平
2034,行屿
2035,桓思
2036,纪彦
2037,恪闳
2038,京爨
2039,帧诚
2040,慈意
2041,先宝
2042,来愚
2043,允红
2044,泳红
2045,匡罕
2046,满恒
2047,相献
2048,晋钫
2049,建宽
2050,濯永
2051,昭沩
2052,赫州
2053,剀维
2054,卓力
2055,奎动
2056,檀潮
2057,健华
2058,宓祖
2059,计焕
2060,明明
2061,烨盼
2062,昆刚
2063,臣倪
2064,贤耀
2065,衡茂
2066,斗锟
2067,茂冰
2068,朝森
2069,升棵
2070,支桐
2071,贵潼
2072,孺午
2073,旻涛
2074,训青
2075,啸旌
2076,起辉
2077,楼生
2078,其燠
2079,淮键
2080,辽郴
2081,炙禺
2082,禹尘
2083,耀锟
2084,允州
2085,迩禾
2086,萧瑟
2087,宝逢
2088,哲斌
2089,皓涌
2090,桁仲
2091,曙回
2092,幼镶
2093,勋宽
2094,百南
2095,迎明
2096,士艺
2097,贺定
2098,超培
2099,柯楠
2100,逢果
2101,孔民
2102,学坚
2103,通裕
2104,仁栋
2105,令正
2106,涵琛
2107,晰晖
2108,海起
2109,於融
2110,详功
2111,尔震
2112,浏天
2113,溪善
2114,翔棠
2115,祉琨
2116,广殊
2117,圳兵
2118,昆谳
2119,立材
2120,来棚
2121,剑频
2122,庄选
2123,殊奥
2124,援舰
2125,水鹰
2126,水盛
2127,弘玄
2128,石远
2129,伯铼
2130,益年
2131,科恪
2132,裕伟
2133,毅家
2134,伯喻
2135,春雨
2136,连暄
2137,奚滔
2138,桓贵
2139,宸江
2140,荆裕
2141,澎乔
2142,耕悦
2143,细因
2144,烽漳
2145,壮君
2146,运家
2147,熠桥
2148,羽郅
2149,梓驿
2150,加生
2151,石诺
2152,彭钛
2153,昆楠
2154,柱羿
2155,石栓
2156,永乙
2157,周海
2158,胥冉
2159,泱有
2160,转誉
2161,湉灏
2162,弘理
2163,行兆
2164,沧煜
2165,之存
2166,柯徽
2167,丁忻
2168,品蔚
2169,正乐
2170,箴员
2171,芮百
2172,柘厦
2173,澹田
2174,牧央
2175,正旬
2176,牧冲
2177,之圳
2178,风雨
2179,继成
2180,文健
2181,光德
2182,连生
2183,正高
2184,雨龙
2185,清水
2186,浙江
2187,成显
2188,纬国
2189,海丰
2190,青峰
2191,四海
2192,昌居
2193,文彪
2194,上腾
2195,和明
2196,德传
2197,庭汛
2198,怡承
2199,之安
2200,京由
2201,珅员
2202,拥缔
2203,稀名
2204,湘增
2205,玄言
2206,炎彦
2207,勋润
2208,宸滨
2209,祯亚
2210,炳驿
2211,炫位
2212,旻译
2213,宝朗
2214,则榛
2215,广北
2216,群轩
2217,裔锭
2218,旋坤
2219,八喜
2220,筱坚
2221,纲奇
2222,宾京
2223,宸渤
2224,建榆
2225,扬溶
2226,沛苇
2227,楼凡
2228,超贤
2229,盈美
2230,祥桀
2231,尉斯
2232,柏鸣
2233,禹发
2234,维峻
2235,淄延
2236,羿晖
2237,卫升
2238,与练
2239,登悟
2240,旭应
2241,璞岩
2242,伟宗
2243,万洲
2244,忠本
2245,璐楠
2246,艾垒
2247,总涌
2248,贺在
2249,文松
2250,达皋
2251,怛奕
2252,在囯
2253,华桐
2254,坤能
2255,果俨
2256,付潘
2257,海言
2258,贯与
2259,秋简
2260,明祯
2261,甸嗣
2262,用凯
2263,琪洳
2264,冬旃
2265,小麟
2266,曦坤
2267,沉森
2268,沁金
2269,文平
2270,烁亭
2271,晞汶
2272,燊彰
2273,诩悦
2274,瑾兼
2275,桎沅
2276,枳荞
2277,勇晨
2278,开扬
2279,游颀
2280,晟焙
2281,继现
2282,增廷
2283,列漪
2284,符武
2285,聿军
2286,桄生
2287,树颢
2288,林来
2289,朗桥
2290,润芪
2291,轲赫
2292,徐骧
2293,畅跃
2294,胜轩
2295,德伦
2296,作德
2297,澍菘
2298,光侪
2299,宪允
2300,丛挺
2301,淇雩
2302,加肖
2303,蔚源
2304,客丰
2305,玙珣
2306,棋机
